name,email,phone
user6,user6@gmail.com,9878988660
user7,user7@gmail.com,9878988661
user8,user8@gmail.com,9878988662
user9,user9@gmail.com,9878988663
user10,user10@gmail.com,9878988664
user11,user11@gmail.com,9878988665
user12,user12@gmail.com,9878988666
user13,user13@gmail.com,9878988667
user14,user14@gmail.com,9878988668
user15,user15@gmail.com,9878988669
user16,user16@gmail.com,9878988670
user17,user17@gmail.com,9878988671
user18,user18@gmail.com,9878988672
user19,user19@gmail.com,9878988673
user20,user20@gmail.com,9878988674
user21,user21@gmail.com,9878988675
user22,user22@gmail.com,9878988676
user23,user23@gmail.com,9878988677
user24,user24@gmail.com,9878988678
user25,user25@gmail.com,9878988679
user26,user26@gmail.com,9878988680
user27,user27@gmail.com,9878988681
user28,user28@gmail.com,9878988682
user29,user29@gmail.com,9878988683
user30,user30@gmail.com,9878988684
user31,user31@gmail.com,9878988685
user32,user32@gmail.com,9878988686
user33,user33@gmail.com,9878988687
user34,user34@gmail.com,9878988688
user35,user35@gmail.com,9878988689
user36,user36@gmail.com,9878988690
user37,user37@gmail.com,9878988691
user38,user38@gmail.com,9878988692
user39,user39@gmail.com,9878988693
user40,user40@gmail.com,9878988694
user41,user41@gmail.com,9878988695
user42,user42@gmail.com,9878988696
user43,user43@gmail.com,9878988697
user44,user44@gmail.com,9878988698
user45,user45@gmail.com,9878988699
user46,user46@gmail.com,9878988700
user47,user47@gmail.com,9878988701
user48,user48@gmail.com,9878988702
user49,user49@gmail.com,9878988703
user50,user50@gmail.com,9812344432
